<?xml version="1.0"?>
<BundleManifest id="5102068c-99ee-499d-af1b-925ec2cd4328">
  <bundleProperties>
    <name>CFX - Infor CRM 8.4.03 Color Fix</name>
    <description><![CDATA[Style sheet to alter the base Infor 8.4.03 web client appearance]]></description>
    <address><![CDATA[]]></address>
    <company>Customer FX Corporation</company>
    <copyright><![CDATA[]]></copyright>
    <majorVersion>0</majorVersion>
    <minorVersion>0</minorVersion>
    <revision>0</revision>
    <build>3</build>
    <autoIncrement>false</autoIncrement>
    <installDate>0001-01-01T00:00:00</installDate>
    <installPassword />
    <formatVersion>8.4.0.1140</formatVersion>
  </bundleProperties>
  <bundleItemHierarchy>
    <bundleItem modelId="af988c91-97c8-4527-b072-e021c9e2cb1a" itemTypeName="Sage.Platform.BundleModel.BundleManifestItem, Sage.Platform.BundleModel">
      <BundleManifestItem xmlns:xsi="http://www.w3.org/2001/XMLSchema-instance" xmlns:xsd="http://www.w3.org/2001/XMLSchema">
        <ItemId>5102068c-99ee-499d-af1b-925ec2cd4328</ItemId>
        <Url>\</Url>
        <BundleItemType>Container</BundleItemType>
        <Caption>CFX - Infor CRM 8.4.03 Color Fix</Caption>
      </BundleManifestItem>
      <children>
        <bundleItem modelId="73d4e7d0-a7fa-40ae-8b45-1ad7ed954154" itemTypeName="Sage.Platform.WebPortal.Design.BundleSupport.ManagerBundleItem, Sage.Platform.WebPortal.Design">
          <ManagerBundleItem xmlns:xsi="http://www.w3.org/2001/XMLSchema-instance" xmlns:xsd="http://www.w3.org/2001/XMLSchema">
            <ItemId>\Portal</ItemId>
            <Url>\Portal</Url>
            <BundleItemType>Container</BundleItemType>
            <Caption>Portals</Caption>
          </ManagerBundleItem>
          <children>
            <bundleItem modelId="73d4e7d0-a7fa-40ae-8b45-1ad7ed954154" itemTypeName="Sage.Platform.WebPortal.Design.BundleSupport.ModelItemBundleItem, Sage.Platform.WebPortal.Design">
              <ModelItemBundleItem xmlns:xsi="http://www.w3.org/2001/XMLSchema-instance" xmlns:xsd="http://www.w3.org/2001/XMLSchema">
                <ItemId>861ac5fe-b571-4015-a55d-bf63e400e1e7</ItemId>
                <Url>\Portal\SlxClient\SlxClient.cabapp.ptl.xml</Url>
                <BundleItemType>Context</BundleItemType>
                <Caption>SlxClient</Caption>
              </ModelItemBundleItem>
              <children>
                <bundleItem modelId="73d4e7d0-a7fa-40ae-8b45-1ad7ed954154" itemTypeName="Sage.Platform.WebPortal.Design.BundleSupport.LinkedFolderBundleItem, Sage.Platform.WebPortal.Design">
                  <LinkedFolderBundleItem xmlns:xsi="http://www.w3.org/2001/XMLSchema-instance" xmlns:xsd="http://www.w3.org/2001/XMLSchema">
                    <ItemId>\Portal\SlxClient\SlxClient.cabapp.ptl.xml\SupportFiles</ItemId>
                    <Url>\Portal\SlxClient\SlxClient.cabapp.ptl.xml\SupportFiles</Url>
                    <BundleItemType>Context</BundleItemType>
                    <Caption>SupportFiles</Caption>
                    <InstallOptions>SkipItemAndChildren</InstallOptions>
                  </LinkedFolderBundleItem>
                  <children>
                    <bundleItem modelId="73d4e7d0-a7fa-40ae-8b45-1ad7ed954154" itemTypeName="Sage.Platform.WebPortal.Design.BundleSupport.LinkedFolderBundleItem, Sage.Platform.WebPortal.Design">
                      <LinkedFolderBundleItem xmlns:xsi="http://www.w3.org/2001/XMLSchema-instance" xmlns:xsd="http://www.w3.org/2001/XMLSchema">
                        <ItemId>\Portal\SlxClient\SlxClient.cabapp.ptl.xml\SupportFiles\Custom</ItemId>
                        <Url>\Portal\SlxClient\SlxClient.cabapp.ptl.xml\SupportFiles\Custom</Url>
                        <BundleItemType>Context</BundleItemType>
                        <Caption>Custom</Caption>
                        <InstallOptions>SkipItemAndChildren</InstallOptions>
                      </LinkedFolderBundleItem>
                      <children>
                        <bundleItem modelId="73d4e7d0-a7fa-40ae-8b45-1ad7ed954154" itemTypeName="Sage.Platform.WebPortal.Design.BundleSupport.LinkedFolderBundleItem, Sage.Platform.WebPortal.Design">
                          <LinkedFolderBundleItem xmlns:xsi="http://www.w3.org/2001/XMLSchema-instance" xmlns:xsd="http://www.w3.org/2001/XMLSchema">
                            <ItemId>\Portal\SlxClient\SlxClient.cabapp.ptl.xml\SupportFiles\Custom\Style</ItemId>
                            <Url>\Portal\SlxClient\SlxClient.cabapp.ptl.xml\SupportFiles\Custom\Style</Url>
                            <BundleItemType>Context</BundleItemType>
                            <Caption>Style</Caption>
                            <InstallOptions>SkipItemAndChildren</InstallOptions>
                          </LinkedFolderBundleItem>
                          <children>
                            <bundleItem modelId="73d4e7d0-a7fa-40ae-8b45-1ad7ed954154" itemTypeName="Sage.Platform.WebPortal.Design.BundleSupport.LinkedFileBundleItem, Sage.Platform.WebPortal.Design">
                              <LinkedFileBundleItem xmlns:xsi="http://www.w3.org/2001/XMLSchema-instance" xmlns:xsd="http://www.w3.org/2001/XMLSchema">
                                <ItemId>\Portal\SlxClient\SupportFiles\Custom\Style\CFX - Infor843ColorFix.css</ItemId>
                                <Url>\Portal\SlxClient\SupportFiles\Custom\Style\CFX - Infor843ColorFix.css</Url>
                                <BundleItemType>Other</BundleItemType>
                                <Caption>CFX - Infor843ColorFix.css</Caption>
                                <InstallOptions>SkipItemAndChildren</InstallOptions>
                                <IsLinkedFile>false</IsLinkedFile>
                                <SourcePath>VFS:\Model\Portal\SlxClient\SupportFiles\Custom\Style\CFX - Infor843ColorFix.css</SourcePath>
                                <ParentModelItemUrl>\Portal\SlxClient\SlxClient.cabapp.ptl.xml</ParentModelItemUrl>
                                <ProjectPath>SupportFiles\Custom\Style\CFX - Infor843ColorFix.css</ProjectPath>
                              </LinkedFileBundleItem>
                            </bundleItem>
                          </children>
                        </bundleItem>
                      </children>
                    </bundleItem>
                  </children>
                </bundleItem>
              </children>
            </bundleItem>
          </children>
        </bundleItem>
      </children>
    </bundleItem>
  </bundleItemHierarchy>
  <bundleActionHierarchy>
    <bundleItem modelId="af988c91-97c8-4527-b072-e021c9e2cb1a" itemTypeName="Sage.Platform.BundleModel.RootBundleAction, Sage.Platform.BundleModel">
      <RootBundleAction xmlns:xsi="http://www.w3.org/2001/XMLSchema-instance" xmlns:xsd="http://www.w3.org/2001/XMLSchema">
        <ItemId>\Actions</ItemId>
        <Url>\Actions</Url>
        <BundleItemType>Container</BundleItemType>
        <Caption>Bundle Actions</Caption>
      </RootBundleAction>
    </bundleItem>
  </bundleActionHierarchy>
  <itemsToDelete />
  <globalResources />
</BundleManifest>